{
  "splits": {
    "train_years": [
      1950,
      2018
    ],
    "val_years": [
      2019,
      2020
    ],
    "test_years": [
      2021,
      2023
    ]
  },
  "baseline_grid_leq3": {
    "val": {
      "pr_auc": 0.5020858443819473,
      "f1@0.5": 0.6775510204081633,
      "brier": 0.10394736842105264
    },
    "test": {
      "pr_auc": 0.41014345131992186,
      "f1@0.5": 0.5963302752293578,
      "brier": 0.13333333333333333
    }
  },
  "logreg_raw": {
    "val": {
      "pr_auc": 0.6432581850835141,
      "brier": 0.10317024151098991,
      "f1@0.5": 0.6541353383458647,
      "f1@opt": 0.6942148760330579,
      "opt_threshold": 0.75
    },
    "test": {
      "pr_auc": 0.6282243051651912,
      "brier": 0.10790228563387062,
      "f1@0.5": 0.5866050808314087,
      "f1@opt": 0.6010362694300518
    }
  },
  "logreg_calibrated": {
    "test": {
      "pr_auc": 0.6067875418710046,
      "brier": 0.08465871641056016,
      "f1@0.5": 0.6010362694300518,
      "f1@opt": 0.6
    },
    "val": {
      "f1@opt": 0.6995884773662552,
      "opt_threshold": 0.25
    }
  },
  "xgb_raw": {
    "val": {
      "pr_auc": 0.7394525834551015,
      "brier": 0.0993759376009363,
      "f1@0.5": 0.6666666666666666,
      "f1@opt": 0.735632183908046,
      "opt_threshold": 0.75
    },
    "test": {
      "pr_auc": 0.7412738275084477,
      "brier": 0.10549249397990172,
      "f1@0.5": 0.6368515205724508,
      "f1@opt": 0.6866359447004609
    }
  },
  "xgb_calibrated": {
    "test": {
      "pr_auc": 0.6972279253985215,
      "brier": 0.06915226463599836,
      "f1@0.5": 0.6306818181818182,
      "f1@opt": 0.6882217090069284
    },
    "val": {
      "f1@opt": 0.735632183908046,
      "opt_threshold": 0.35
    }
  }
}